                  epoch,         train/box_loss,         train/cls_loss,         train/dfl_loss,   metrics/precision(B),      metrics/recall(B),       metrics/mAP50(B),    metrics/mAP50-95(B),           val/box_loss,           val/cls_loss,           val/dfl_loss,                 lr/pg0,                 lr/pg1,                 lr/pg2
                      1,                  1.133,                 8.6666,                 2.1966,                 0.0091,                0.83926,                 0.1226,                0.10125,                0.75116,                 13.422,                 1.2868,             0.00015341,             0.00015341,             0.00015341
                      1,                  1.187,                 18.183,                 2.2668,                0.57876,                0.23823,                0.26782,                0.23041,                0.94252,                 21.081,                 1.3321,             0.00015341,             0.00015341,             0.00015341
